{
  "version": "2019.2",
  "applications": [],
  "platforms": [
    {
      "name": "mpu9250_5"
    }
  ],
  "systems": [
    {
      "name": "mpu9250_5_app_system",
      "platform": "/home/pca/workspaceVitis/mpu9250_5/export/mpu9250_5/mpu9250_5.xpfm",
      "sysConfig": "mpu9250_5",
      "applications": [
        {
          "name": "mpu9250_5_app",
          "platform": "/home/pca/workspaceVitis/mpu9250_5/export/mpu9250_5/mpu9250_5.xpfm",
          "platformPath": "/home/pca/workspaceVitis/mpu9250_5/export/mpu9250_5",
          "sysConfig": "mpu9250_5",
          "domain": "standalone_domain",
          "system": "mpu9250_5_app_system"
        }
      ],
      "platformPath": "/home/pca/workspaceVitis/mpu9250_5/export/mpu9250_5"
    }
  ],
  "others": []
}